entry_id,rank,neighbor_workflow,neighbor_scheduler,neighbor_q_value,neighbor_similarity,neighbor_weight
0,1,montage-chameleon-2mass-01d-001_aug1.json,MINMIN,0.0740781936301875,0.9988064765930176,0.1666666716337204
0,2,montage-chameleon-2mass-01d-001_aug1.json,MINMIN,0.0740781936301875,0.9988064765930176,0.1666666716337204
0,3,montage-chameleon-2mass-01d-001_aug1.json,MINMIN,0.1058795771853575,0.9988064765930176,0.1666666716337204
0,4,montage-chameleon-2mass-01d-001_aug1.json,MINMIN,0.1058795771853575,0.9988064765930176,0.1666666716337204
0,5,montage-chameleon-2mass-01d-001_aug1.json,MINMIN,0.0430856021204679,0.9988064765930176,0.1666666716337204
0,6,montage-chameleon-2mass-01d-001_aug1.json,MINMIN,0.0430856021204679,0.9988064765930176,0.1666666716337204
1,1,montage-chameleon-2mass-01d-001_aug1.json,MINMIN,0.0740781936301875,0.9988064765930176,0.1666666716337204
1,2,montage-chameleon-2mass-01d-001_aug1.json,MINMIN,0.0740781936301875,0.9988064765930176,0.1666666716337204
1,3,montage-chameleon-2mass-01d-001_aug1.json,MINMIN,0.1058795771853575,0.9988064765930176,0.1666666716337204
1,4,montage-chameleon-2mass-01d-001_aug1.json,MINMIN,0.1058795771853575,0.9988064765930176,0.1666666716337204
1,5,montage-chameleon-2mass-01d-001_aug1.json,MINMIN,0.0430856021204679,0.9988064765930176,0.1666666716337204
1,6,montage-chameleon-2mass-01d-001_aug1.json,MINMIN,0.0430856021204679,0.9988064765930176,0.1666666716337204
2,1,montage-chameleon-2mass-01d-001_aug1.json,MINMIN,0.0740781936301875,0.9988064765930176,0.1666666716337204
2,2,montage-chameleon-2mass-01d-001_aug1.json,MINMIN,0.0740781936301875,0.9988064765930176,0.1666666716337204
2,3,montage-chameleon-2mass-01d-001_aug1.json,MINMIN,0.1058795771853575,0.9988064765930176,0.1666666716337204
2,4,montage-chameleon-2mass-01d-001_aug1.json,MINMIN,0.1058795771853575,0.9988064765930176,0.1666666716337204
2,5,montage-chameleon-2mass-01d-001_aug1.json,MINMIN,0.0430856021204679,0.9988064765930176,0.1666666716337204
2,6,montage-chameleon-2mass-01d-001_aug1.json,MINMIN,0.0430856021204679,0.9988064765930176,0.1666666716337204
3,1,montage-chameleon-2mass-01d-001_aug1.json,MINMIN,0.0740781936301875,0.9988064765930176,0.1666666716337204
3,2,montage-chameleon-2mass-01d-001_aug1.json,MINMIN,0.0740781936301875,0.9988064765930176,0.1666666716337204
3,3,montage-chameleon-2mass-01d-001_aug1.json,MINMIN,0.1058795771853575,0.9988064765930176,0.1666666716337204
3,4,montage-chameleon-2mass-01d-001_aug1.json,MINMIN,0.1058795771853575,0.9988064765930176,0.1666666716337204
3,5,montage-chameleon-2mass-01d-001_aug1.json,MINMIN,0.0430856021204679,0.9988064765930176,0.1666666716337204
3,6,montage-chameleon-2mass-01d-001_aug1.json,MINMIN,0.0430856021204679,0.9988064765930176,0.1666666716337204
4,1,montage-chameleon-2mass-01d-001_aug1.json,MINMIN,0.0740781936301875,0.9988064765930176,0.1666666716337204
4,2,montage-chameleon-2mass-01d-001_aug1.json,MINMIN,0.0740781936301875,0.9988064765930176,0.1666666716337204
4,3,montage-chameleon-2mass-01d-001_aug1.json,MINMIN,0.1058795771853575,0.9988064765930176,0.1666666716337204
4,4,montage-chameleon-2mass-01d-001_aug1.json,MINMIN,0.1058795771853575,0.9988064765930176,0.1666666716337204
4,5,montage-chameleon-2mass-01d-001_aug1.json,MINMIN,0.0430856021204679,0.9988064765930176,0.1666666716337204
4,6,montage-chameleon-2mass-01d-001_aug1.json,MINMIN,0.0430856021204679,0.9988064765930176,0.1666666716337204
5,1,montage-chameleon-2mass-01d-001_aug1.json,MINMIN,0.0740781936301875,0.9988064765930176,0.1666666716337204
5,2,montage-chameleon-2mass-01d-001_aug1.json,MINMIN,0.0740781936301875,0.9988064765930176,0.1666666716337204
5,3,montage-chameleon-2mass-01d-001_aug1.json,MINMIN,0.1058795771853575,0.9988064765930176,0.1666666716337204
5,4,montage-chameleon-2mass-01d-001_aug1.json,MINMIN,0.1058795771853575,0.9988064765930176,0.1666666716337204
5,5,montage-chameleon-2mass-01d-001_aug1.json,MINMIN,0.0430856021204679,0.9988064765930176,0.1666666716337204
5,6,montage-chameleon-2mass-01d-001_aug1.json,MINMIN,0.0430856021204679,0.9988064765930176,0.1666666716337204
6,1,montage-chameleon-2mass-01d-001_aug1.json,MINMIN,0.0740781936301875,0.9988064765930176,0.1666666716337204
6,2,montage-chameleon-2mass-01d-001_aug1.json,MINMIN,0.0740781936301875,0.9988064765930176,0.1666666716337204
6,3,montage-chameleon-2mass-01d-001_aug1.json,MINMIN,0.1058795771853575,0.9988064765930176,0.1666666716337204
6,4,montage-chameleon-2mass-01d-001_aug1.json,MINMIN,0.1058795771853575,0.9988064765930176,0.1666666716337204
6,5,montage-chameleon-2mass-01d-001_aug1.json,MINMIN,0.0430856021204679,0.9988064765930176,0.1666666716337204
6,6,montage-chameleon-2mass-01d-001_aug1.json,MINMIN,0.0430856021204679,0.9988064765930176,0.1666666716337204
7,1,montage-chameleon-2mass-01d-001_aug1.json,MINMIN,0.0740781936301875,0.9988064765930176,0.1666666716337204
7,2,montage-chameleon-2mass-01d-001_aug1.json,MINMIN,0.0740781936301875,0.9988064765930176,0.1666666716337204
7,3,montage-chameleon-2mass-01d-001_aug1.json,MINMIN,0.1058795771853575,0.9988064765930176,0.1666666716337204
7,4,montage-chameleon-2mass-01d-001_aug1.json,MINMIN,0.1058795771853575,0.9988064765930176,0.1666666716337204
7,5,montage-chameleon-2mass-01d-001_aug1.json,MINMIN,0.0430856021204679,0.9988064765930176,0.1666666716337204
7,6,montage-chameleon-2mass-01d-001_aug1.json,MINMIN,0.0430856021204679,0.9988064765930176,0.1666666716337204
8,1,montage-chameleon-2mass-01d-001_aug1.json,MINMIN,0.0740781936301875,0.9988064765930176,0.1666666716337204
8,2,montage-chameleon-2mass-01d-001_aug1.json,MINMIN,0.0740781936301875,0.9988064765930176,0.1666666716337204
8,3,montage-chameleon-2mass-01d-001_aug1.json,MINMIN,0.1058795771853575,0.9988064765930176,0.1666666716337204
8,4,montage-chameleon-2mass-01d-001_aug1.json,MINMIN,0.1058795771853575,0.9988064765930176,0.1666666716337204
8,5,montage-chameleon-2mass-01d-001_aug1.json,MINMIN,0.0430856021204679,0.9988064765930176,0.1666666716337204
8,6,montage-chameleon-2mass-01d-001_aug1.json,MINMIN,0.0430856021204679,0.9988064765930176,0.1666666716337204
9,1,montage-chameleon-2mass-01d-001_aug1.json,MINMIN,0.0740781936301875,0.9988064765930176,0.1666666716337204
9,2,montage-chameleon-2mass-01d-001_aug1.json,MINMIN,0.0740781936301875,0.9988064765930176,0.1666666716337204
9,3,montage-chameleon-2mass-01d-001_aug1.json,MINMIN,0.1058795771853575,0.9988064765930176,0.1666666716337204
9,4,montage-chameleon-2mass-01d-001_aug1.json,MINMIN,0.1058795771853575,0.9988064765930176,0.1666666716337204
9,5,montage-chameleon-2mass-01d-001_aug1.json,MINMIN,0.0430856021204679,0.9988064765930176,0.1666666716337204
9,6,montage-chameleon-2mass-01d-001_aug1.json,MINMIN,0.0430856021204679,0.9988064765930176,0.1666666716337204
10,1,montage-chameleon-2mass-01d-001_aug1.json,MINMIN,0.0740781936301875,0.9988064765930176,0.1666666716337204
10,2,montage-chameleon-2mass-01d-001_aug1.json,MINMIN,0.0740781936301875,0.9988064765930176,0.1666666716337204
10,3,montage-chameleon-2mass-01d-001_aug1.json,MINMIN,0.1058795771853575,0.9988064765930176,0.1666666716337204
10,4,montage-chameleon-2mass-01d-001_aug1.json,MINMIN,0.1058795771853575,0.9988064765930176,0.1666666716337204
10,5,montage-chameleon-2mass-01d-001_aug1.json,MINMIN,0.0430856021204679,0.9988064765930176,0.1666666716337204
10,6,montage-chameleon-2mass-01d-001_aug1.json,MINMIN,0.0430856021204679,0.9988064765930176,0.1666666716337204
11,1,montage-chameleon-2mass-01d-001_aug1.json,MINMIN,0.0740781936301875,0.9988064765930176,0.1666666716337204
11,2,montage-chameleon-2mass-01d-001_aug1.json,MINMIN,0.0740781936301875,0.9988064765930176,0.1666666716337204
11,3,montage-chameleon-2mass-01d-001_aug1.json,MINMIN,0.1058795771853575,0.9988064765930176,0.1666666716337204
11,4,montage-chameleon-2mass-01d-001_aug1.json,MINMIN,0.1058795771853575,0.9988064765930176,0.1666666716337204
11,5,montage-chameleon-2mass-01d-001_aug1.json,MINMIN,0.0430856021204679,0.9988064765930176,0.1666666716337204
11,6,montage-chameleon-2mass-01d-001_aug1.json,MINMIN,0.0430856021204679,0.9988064765930176,0.1666666716337204
12,1,montage-chameleon-2mass-01d-001_aug1.json,MINMIN,0.0740781936301875,0.9988064765930176,0.1666666716337204
12,2,montage-chameleon-2mass-01d-001_aug1.json,MINMIN,0.0740781936301875,0.9988064765930176,0.1666666716337204
12,3,montage-chameleon-2mass-01d-001_aug1.json,MINMIN,0.1058795771853575,0.9988064765930176,0.1666666716337204
12,4,montage-chameleon-2mass-01d-001_aug1.json,MINMIN,0.1058795771853575,0.9988064765930176,0.1666666716337204
12,5,montage-chameleon-2mass-01d-001_aug1.json,MINMIN,0.0430856021204679,0.9988064765930176,0.1666666716337204
12,6,montage-chameleon-2mass-01d-001_aug1.json,MINMIN,0.0430856021204679,0.9988064765930176,0.1666666716337204
13,1,montage-chameleon-2mass-01d-001_aug1.json,MINMIN,0.0740781936301875,0.9988064765930176,0.1666666716337204
13,2,montage-chameleon-2mass-01d-001_aug1.json,MINMIN,0.0740781936301875,0.9988064765930176,0.1666666716337204
13,3,montage-chameleon-2mass-01d-001_aug1.json,MINMIN,0.1058795771853575,0.9988064765930176,0.1666666716337204
13,4,montage-chameleon-2mass-01d-001_aug1.json,MINMIN,0.1058795771853575,0.9988064765930176,0.1666666716337204
13,5,montage-chameleon-2mass-01d-001_aug1.json,MINMIN,0.0430856021204679,0.9988064765930176,0.1666666716337204
13,6,montage-chameleon-2mass-01d-001_aug1.json,MINMIN,0.0430856021204679,0.9988064765930176,0.1666666716337204
14,1,montage-chameleon-2mass-01d-001_aug1.json,MINMIN,0.0740781936301875,0.9988064765930176,0.1666666716337204
14,2,montage-chameleon-2mass-01d-001_aug1.json,MINMIN,0.0740781936301875,0.9988064765930176,0.1666666716337204
14,3,montage-chameleon-2mass-01d-001_aug1.json,MINMIN,0.1058795771853575,0.9988064765930176,0.1666666716337204
14,4,montage-chameleon-2mass-01d-001_aug1.json,MINMIN,0.1058795771853575,0.9988064765930176,0.1666666716337204
14,5,montage-chameleon-2mass-01d-001_aug1.json,MINMIN,0.0430856021204679,0.9988064765930176,0.1666666716337204
14,6,montage-chameleon-2mass-01d-001_aug1.json,MINMIN,0.0430856021204679,0.9988064765930176,0.1666666716337204
15,1,montage-chameleon-2mass-01d-001_aug1.json,MINMIN,0.0740781936301875,0.9988064765930176,0.1666666716337204
15,2,montage-chameleon-2mass-01d-001_aug1.json,MINMIN,0.0740781936301875,0.9988064765930176,0.1666666716337204
15,3,montage-chameleon-2mass-01d-001_aug1.json,MINMIN,0.1058795771853575,0.9988064765930176,0.1666666716337204
15,4,montage-chameleon-2mass-01d-001_aug1.json,MINMIN,0.1058795771853575,0.9988064765930176,0.1666666716337204
15,5,montage-chameleon-2mass-01d-001_aug1.json,MINMIN,0.0430856021204679,0.9988064765930176,0.1666666716337204
15,6,montage-chameleon-2mass-01d-001_aug1.json,MINMIN,0.0430856021204679,0.9988064765930176,0.1666666716337204
16,1,montage-chameleon-2mass-01d-001_aug1.json,MINMIN,0.0740781936301875,0.9988064765930176,0.1666666716337204
16,2,montage-chameleon-2mass-01d-001_aug1.json,MINMIN,0.0740781936301875,0.9988064765930176,0.1666666716337204
16,3,montage-chameleon-2mass-01d-001_aug1.json,MINMIN,0.1058795771853575,0.9988064765930176,0.1666666716337204
16,4,montage-chameleon-2mass-01d-001_aug1.json,MINMIN,0.1058795771853575,0.9988064765930176,0.1666666716337204
16,5,montage-chameleon-2mass-01d-001_aug1.json,MINMIN,0.0430856021204679,0.9988064765930176,0.1666666716337204
16,6,montage-chameleon-2mass-01d-001_aug1.json,MINMIN,0.0430856021204679,0.9988064765930176,0.1666666716337204
17,1,montage-chameleon-2mass-01d-001_aug1.json,MINMIN,0.0740781936301875,0.9988064765930176,0.1666666716337204
17,2,montage-chameleon-2mass-01d-001_aug1.json,MINMIN,0.0740781936301875,0.9988064765930176,0.1666666716337204
17,3,montage-chameleon-2mass-01d-001_aug1.json,MINMIN,0.1058795771853575,0.9988064765930176,0.1666666716337204
17,4,montage-chameleon-2mass-01d-001_aug1.json,MINMIN,0.1058795771853575,0.9988064765930176,0.1666666716337204
17,5,montage-chameleon-2mass-01d-001_aug1.json,MINMIN,0.0430856021204679,0.9988064765930176,0.1666666716337204
17,6,montage-chameleon-2mass-01d-001_aug1.json,MINMIN,0.0430856021204679,0.9988064765930176,0.1666666716337204
18,1,montage-chameleon-2mass-01d-001_aug1.json,MINMIN,0.0740781936301875,0.9988064765930176,0.1666666716337204
18,2,montage-chameleon-2mass-01d-001_aug1.json,MINMIN,0.0740781936301875,0.9988064765930176,0.1666666716337204
18,3,montage-chameleon-2mass-01d-001_aug1.json,MINMIN,0.1058795771853575,0.9988064765930176,0.1666666716337204
18,4,montage-chameleon-2mass-01d-001_aug1.json,MINMIN,0.1058795771853575,0.9988064765930176,0.1666666716337204
18,5,montage-chameleon-2mass-01d-001_aug1.json,MINMIN,0.0430856021204679,0.9988064765930176,0.1666666716337204
18,6,montage-chameleon-2mass-01d-001_aug1.json,MINMIN,0.0430856021204679,0.9988064765930176,0.1666666716337204
19,1,montage-chameleon-2mass-01d-001_aug1.json,MINMIN,0.0740781936301875,0.9988064765930176,0.1666666716337204
19,2,montage-chameleon-2mass-01d-001_aug1.json,MINMIN,0.0740781936301875,0.9988064765930176,0.1666666716337204
19,3,montage-chameleon-2mass-01d-001_aug1.json,MINMIN,0.1058795771853575,0.9988064765930176,0.1666666716337204
19,4,montage-chameleon-2mass-01d-001_aug1.json,MINMIN,0.1058795771853575,0.9988064765930176,0.1666666716337204
19,5,montage-chameleon-2mass-01d-001_aug1.json,MINMIN,0.0430856021204679,0.9988064765930176,0.1666666716337204
19,6,montage-chameleon-2mass-01d-001_aug1.json,MINMIN,0.0430856021204679,0.9988064765930176,0.1666666716337204
20,1,montage-chameleon-2mass-01d-001_aug1.json,MINMIN,0.0740781936301875,0.9988064765930176,0.1666666716337204
20,2,montage-chameleon-2mass-01d-001_aug1.json,MINMIN,0.0740781936301875,0.9988064765930176,0.1666666716337204
20,3,montage-chameleon-2mass-01d-001_aug1.json,MINMIN,0.1058795771853575,0.9988064765930176,0.1666666716337204
20,4,montage-chameleon-2mass-01d-001_aug1.json,MINMIN,0.1058795771853575,0.9988064765930176,0.1666666716337204
20,5,montage-chameleon-2mass-01d-001_aug1.json,MINMIN,0.0430856021204679,0.9988064765930176,0.1666666716337204
20,6,montage-chameleon-2mass-01d-001_aug1.json,MINMIN,0.0430856021204679,0.9988064765930176,0.1666666716337204
21,1,montage-chameleon-2mass-01d-001_aug1.json,MINMIN,0.0740781936301875,0.9988064765930176,0.1666666716337204
21,2,montage-chameleon-2mass-01d-001_aug1.json,MINMIN,0.0740781936301875,0.9988064765930176,0.1666666716337204
21,3,montage-chameleon-2mass-01d-001_aug1.json,MINMIN,0.1058795771853575,0.9988064765930176,0.1666666716337204
21,4,montage-chameleon-2mass-01d-001_aug1.json,MINMIN,0.1058795771853575,0.9988064765930176,0.1666666716337204
21,5,montage-chameleon-2mass-01d-001_aug1.json,MINMIN,0.0430856021204679,0.9988064765930176,0.1666666716337204
21,6,montage-chameleon-2mass-01d-001_aug1.json,MINMIN,0.0430856021204679,0.9988064765930176,0.1666666716337204
22,1,montage-chameleon-2mass-01d-001_aug1.json,MINMIN,0.0740781936301875,0.9988064765930176,0.1666666716337204
22,2,montage-chameleon-2mass-01d-001_aug1.json,MINMIN,0.0740781936301875,0.9988064765930176,0.1666666716337204
22,3,montage-chameleon-2mass-01d-001_aug1.json,MINMIN,0.1058795771853575,0.9988064765930176,0.1666666716337204
22,4,montage-chameleon-2mass-01d-001_aug1.json,MINMIN,0.1058795771853575,0.9988064765930176,0.1666666716337204
22,5,montage-chameleon-2mass-01d-001_aug1.json,MINMIN,0.0430856021204679,0.9988064765930176,0.1666666716337204
22,6,montage-chameleon-2mass-01d-001_aug1.json,MINMIN,0.0430856021204679,0.9988064765930176,0.1666666716337204
23,1,montage-chameleon-2mass-01d-001_aug1.json,MINMIN,0.0740781936301875,0.9988064765930176,0.1666666716337204
23,2,montage-chameleon-2mass-01d-001_aug1.json,MINMIN,0.0740781936301875,0.9988064765930176,0.1666666716337204
23,3,montage-chameleon-2mass-01d-001_aug1.json,MINMIN,0.1058795771853575,0.9988064765930176,0.1666666716337204
23,4,montage-chameleon-2mass-01d-001_aug1.json,MINMIN,0.1058795771853575,0.9988064765930176,0.1666666716337204
23,5,montage-chameleon-2mass-01d-001_aug1.json,MINMIN,0.0430856021204679,0.9988064765930176,0.1666666716337204
23,6,montage-chameleon-2mass-01d-001_aug1.json,MINMIN,0.0430856021204679,0.9988064765930176,0.1666666716337204
24,1,montage-chameleon-2mass-01d-001_aug1.json,MINMIN,0.0740781936301875,0.9988064765930176,0.1666666716337204
24,2,montage-chameleon-2mass-01d-001_aug1.json,MINMIN,0.0740781936301875,0.9988064765930176,0.1666666716337204
24,3,montage-chameleon-2mass-01d-001_aug1.json,MINMIN,0.1058795771853575,0.9988064765930176,0.1666666716337204
24,4,montage-chameleon-2mass-01d-001_aug1.json,MINMIN,0.1058795771853575,0.9988064765930176,0.1666666716337204
24,5,montage-chameleon-2mass-01d-001_aug1.json,MINMIN,0.0430856021204679,0.9988064765930176,0.1666666716337204
24,6,montage-chameleon-2mass-01d-001_aug1.json,MINMIN,0.0430856021204679,0.9988064765930176,0.1666666716337204
25,1,montage-chameleon-2mass-01d-001_aug1.json,MINMIN,0.0740781936301875,0.9988064765930176,0.1666666716337204
25,2,montage-chameleon-2mass-01d-001_aug1.json,MINMIN,0.0740781936301875,0.9988064765930176,0.1666666716337204
25,3,montage-chameleon-2mass-01d-001_aug1.json,MINMIN,0.1058795771853575,0.9988064765930176,0.1666666716337204
25,4,montage-chameleon-2mass-01d-001_aug1.json,MINMIN,0.1058795771853575,0.9988064765930176,0.1666666716337204
25,5,montage-chameleon-2mass-01d-001_aug1.json,MINMIN,0.0430856021204679,0.9988064765930176,0.1666666716337204
25,6,montage-chameleon-2mass-01d-001_aug1.json,MINMIN,0.0430856021204679,0.9988064765930176,0.1666666716337204
26,1,montage-chameleon-2mass-01d-001_aug1.json,MINMIN,0.0740781936301875,0.9988064765930176,0.1666666716337204
26,2,montage-chameleon-2mass-01d-001_aug1.json,MINMIN,0.0740781936301875,0.9988064765930176,0.1666666716337204
26,3,montage-chameleon-2mass-01d-001_aug1.json,MINMIN,0.1058795771853575,0.9988064765930176,0.1666666716337204
26,4,montage-chameleon-2mass-01d-001_aug1.json,MINMIN,0.1058795771853575,0.9988064765930176,0.1666666716337204
26,5,montage-chameleon-2mass-01d-001_aug1.json,MINMIN,0.0430856021204679,0.9988064765930176,0.1666666716337204
26,6,montage-chameleon-2mass-01d-001_aug1.json,MINMIN,0.0430856021204679,0.9988064765930176,0.1666666716337204
27,1,montage-chameleon-2mass-01d-001_aug1.json,MINMIN,0.0740781936301875,0.9988064765930176,0.1666666716337204
27,2,montage-chameleon-2mass-01d-001_aug1.json,MINMIN,0.0740781936301875,0.9988064765930176,0.1666666716337204
27,3,montage-chameleon-2mass-01d-001_aug1.json,MINMIN,0.1058795771853575,0.9988064765930176,0.1666666716337204
27,4,montage-chameleon-2mass-01d-001_aug1.json,MINMIN,0.1058795771853575,0.9988064765930176,0.1666666716337204
27,5,montage-chameleon-2mass-01d-001_aug1.json,MINMIN,0.0430856021204679,0.9988064765930176,0.1666666716337204
27,6,montage-chameleon-2mass-01d-001_aug1.json,MINMIN,0.0430856021204679,0.9988064765930176,0.1666666716337204
28,1,montage-chameleon-2mass-01d-001_aug1.json,MINMIN,0.0740781936301875,0.9988064765930176,0.1666666716337204
28,2,montage-chameleon-2mass-01d-001_aug1.json,MINMIN,0.0740781936301875,0.9988064765930176,0.1666666716337204
28,3,montage-chameleon-2mass-01d-001_aug1.json,MINMIN,0.1058795771853575,0.9988064765930176,0.1666666716337204
28,4,montage-chameleon-2mass-01d-001_aug1.json,MINMIN,0.1058795771853575,0.9988064765930176,0.1666666716337204
28,5,montage-chameleon-2mass-01d-001_aug1.json,MINMIN,0.0430856021204679,0.9988064765930176,0.1666666716337204
28,6,montage-chameleon-2mass-01d-001_aug1.json,MINMIN,0.0430856021204679,0.9988064765930176,0.1666666716337204
29,1,montage-chameleon-2mass-01d-001_aug1.json,MINMIN,0.0740781936301875,0.9988064765930176,0.1666666716337204
29,2,montage-chameleon-2mass-01d-001_aug1.json,MINMIN,0.0740781936301875,0.9988064765930176,0.1666666716337204
29,3,montage-chameleon-2mass-01d-001_aug1.json,MINMIN,0.1058795771853575,0.9988064765930176,0.1666666716337204
29,4,montage-chameleon-2mass-01d-001_aug1.json,MINMIN,0.1058795771853575,0.9988064765930176,0.1666666716337204
29,5,montage-chameleon-2mass-01d-001_aug1.json,MINMIN,0.0430856021204679,0.9988064765930176,0.1666666716337204
29,6,montage-chameleon-2mass-01d-001_aug1.json,MINMIN,0.0430856021204679,0.9988064765930176,0.1666666716337204
30,1,montage-chameleon-2mass-01d-001_aug1.json,MINMIN,0.0740781936301875,0.9988064765930176,0.1666666716337204
30,2,montage-chameleon-2mass-01d-001_aug1.json,MINMIN,0.0740781936301875,0.9988064765930176,0.1666666716337204
30,3,montage-chameleon-2mass-01d-001_aug1.json,MINMIN,0.1058795771853575,0.9988064765930176,0.1666666716337204
30,4,montage-chameleon-2mass-01d-001_aug1.json,MINMIN,0.1058795771853575,0.9988064765930176,0.1666666716337204
30,5,montage-chameleon-2mass-01d-001_aug1.json,MINMIN,0.0430856021204679,0.9988064765930176,0.1666666716337204
30,6,montage-chameleon-2mass-01d-001_aug1.json,MINMIN,0.0430856021204679,0.9988064765930176,0.1666666716337204
31,1,montage-chameleon-2mass-01d-001_aug1.json,MINMIN,0.0740781936301875,0.9988064765930176,0.1666666716337204
31,2,montage-chameleon-2mass-01d-001_aug1.json,MINMIN,0.0740781936301875,0.9988064765930176,0.1666666716337204
31,3,montage-chameleon-2mass-01d-001_aug1.json,MINMIN,0.1058795771853575,0.9988064765930176,0.1666666716337204
31,4,montage-chameleon-2mass-01d-001_aug1.json,MINMIN,0.1058795771853575,0.9988064765930176,0.1666666716337204
31,5,montage-chameleon-2mass-01d-001_aug1.json,MINMIN,0.0430856021204679,0.9988064765930176,0.1666666716337204
31,6,montage-chameleon-2mass-01d-001_aug1.json,MINMIN,0.0430856021204679,0.9988064765930176,0.1666666716337204
32,1,montage-chameleon-2mass-01d-001_aug1.json,MINMIN,0.0740781936301875,0.9988064765930176,0.1666666716337204
32,2,montage-chameleon-2mass-01d-001_aug1.json,MINMIN,0.0740781936301875,0.9988064765930176,0.1666666716337204
32,3,montage-chameleon-2mass-01d-001_aug1.json,MINMIN,0.1058795771853575,0.9988064765930176,0.1666666716337204
32,4,montage-chameleon-2mass-01d-001_aug1.json,MINMIN,0.1058795771853575,0.9988064765930176,0.1666666716337204
32,5,montage-chameleon-2mass-01d-001_aug1.json,MINMIN,0.0430856021204679,0.9988064765930176,0.1666666716337204
32,6,montage-chameleon-2mass-01d-001_aug1.json,MINMIN,0.0430856021204679,0.9988064765930176,0.1666666716337204
33,1,montage-chameleon-2mass-01d-001_aug1.json,MINMIN,0.0740781936301875,0.9988064765930176,0.1666666716337204
33,2,montage-chameleon-2mass-01d-001_aug1.json,MINMIN,0.0740781936301875,0.9988064765930176,0.1666666716337204
33,3,montage-chameleon-2mass-01d-001_aug1.json,MINMIN,0.1058795771853575,0.9988064765930176,0.1666666716337204
33,4,montage-chameleon-2mass-01d-001_aug1.json,MINMIN,0.1058795771853575,0.9988064765930176,0.1666666716337204
33,5,montage-chameleon-2mass-01d-001_aug1.json,MINMIN,0.0430856021204679,0.9988064765930176,0.1666666716337204
33,6,montage-chameleon-2mass-01d-001_aug1.json,MINMIN,0.0430856021204679,0.9988064765930176,0.1666666716337204
34,1,montage-chameleon-2mass-01d-001_aug1.json,MINMIN,0.0740781936301875,0.9988064765930176,0.1666666716337204
34,2,montage-chameleon-2mass-01d-001_aug1.json,MINMIN,0.0740781936301875,0.9988064765930176,0.1666666716337204
34,3,montage-chameleon-2mass-01d-001_aug1.json,MINMIN,0.1058795771853575,0.9988064765930176,0.1666666716337204
34,4,montage-chameleon-2mass-01d-001_aug1.json,MINMIN,0.1058795771853575,0.9988064765930176,0.1666666716337204
34,5,montage-chameleon-2mass-01d-001_aug1.json,MINMIN,0.0430856021204679,0.9988064765930176,0.1666666716337204
34,6,montage-chameleon-2mass-01d-001_aug1.json,MINMIN,0.0430856021204679,0.9988064765930176,0.1666666716337204
35,1,montage-chameleon-2mass-01d-001_aug1.json,MINMIN,0.0740781936301875,0.9988064765930176,0.1666666716337204
35,2,montage-chameleon-2mass-01d-001_aug1.json,MINMIN,0.0740781936301875,0.9988064765930176,0.1666666716337204
35,3,montage-chameleon-2mass-01d-001_aug1.json,MINMIN,0.1058795771853575,0.9988064765930176,0.1666666716337204
35,4,montage-chameleon-2mass-01d-001_aug1.json,MINMIN,0.1058795771853575,0.9988064765930176,0.1666666716337204
35,5,montage-chameleon-2mass-01d-001_aug1.json,MINMIN,0.0430856021204679,0.9988064765930176,0.1666666716337204
35,6,montage-chameleon-2mass-01d-001_aug1.json,MINMIN,0.0430856021204679,0.9988064765930176,0.1666666716337204
36,1,montage-chameleon-2mass-01d-001_aug1.json,MINMIN,0.0740781936301875,0.9988064765930176,0.1666666716337204
36,2,montage-chameleon-2mass-01d-001_aug1.json,MINMIN,0.0740781936301875,0.9988064765930176,0.1666666716337204
36,3,montage-chameleon-2mass-01d-001_aug1.json,MINMIN,0.1058795771853575,0.9988064765930176,0.1666666716337204
36,4,montage-chameleon-2mass-01d-001_aug1.json,MINMIN,0.1058795771853575,0.9988064765930176,0.1666666716337204
36,5,montage-chameleon-2mass-01d-001_aug1.json,MINMIN,0.0430856021204679,0.9988064765930176,0.1666666716337204
36,6,montage-chameleon-2mass-01d-001_aug1.json,MINMIN,0.0430856021204679,0.9988064765930176,0.1666666716337204
37,1,montage-chameleon-2mass-01d-001_aug1.json,MINMIN,0.0740781936301875,0.9988064765930176,0.1666666716337204
37,2,montage-chameleon-2mass-01d-001_aug1.json,MINMIN,0.0740781936301875,0.9988064765930176,0.1666666716337204
37,3,montage-chameleon-2mass-01d-001_aug1.json,MINMIN,0.1058795771853575,0.9988064765930176,0.1666666716337204
37,4,montage-chameleon-2mass-01d-001_aug1.json,MINMIN,0.1058795771853575,0.9988064765930176,0.1666666716337204
37,5,montage-chameleon-2mass-01d-001_aug1.json,MINMIN,0.0430856021204679,0.9988064765930176,0.1666666716337204
37,6,montage-chameleon-2mass-01d-001_aug1.json,MINMIN,0.0430856021204679,0.9988064765930176,0.1666666716337204
38,1,montage-chameleon-2mass-01d-001_aug1.json,MINMIN,0.0740781936301875,0.9988064765930176,0.1666666716337204
38,2,montage-chameleon-2mass-01d-001_aug1.json,MINMIN,0.0740781936301875,0.9988064765930176,0.1666666716337204
38,3,montage-chameleon-2mass-01d-001_aug1.json,MINMIN,0.1058795771853575,0.9988064765930176,0.1666666716337204
38,4,montage-chameleon-2mass-01d-001_aug1.json,MINMIN,0.1058795771853575,0.9988064765930176,0.1666666716337204
38,5,montage-chameleon-2mass-01d-001_aug1.json,MINMIN,0.0430856021204679,0.9988064765930176,0.1666666716337204
38,6,montage-chameleon-2mass-01d-001_aug1.json,MINMIN,0.0430856021204679,0.9988064765930176,0.1666666716337204
39,1,montage-chameleon-2mass-01d-001_aug1.json,MINMIN,0.0740781936301875,0.9988064765930176,0.1666666716337204
39,2,montage-chameleon-2mass-01d-001_aug1.json,MINMIN,0.0740781936301875,0.9988064765930176,0.1666666716337204
39,3,montage-chameleon-2mass-01d-001_aug1.json,MINMIN,0.1058795771853575,0.9988064765930176,0.1666666716337204
39,4,montage-chameleon-2mass-01d-001_aug1.json,MINMIN,0.1058795771853575,0.9988064765930176,0.1666666716337204
39,5,montage-chameleon-2mass-01d-001_aug1.json,MINMIN,0.0430856021204679,0.9988064765930176,0.1666666716337204
39,6,montage-chameleon-2mass-01d-001_aug1.json,MINMIN,0.0430856021204679,0.9988064765930176,0.1666666716337204
40,1,montage-chameleon-2mass-01d-001_aug1.json,MINMIN,0.0740781936301875,0.9988064765930176,0.1666666716337204
40,2,montage-chameleon-2mass-01d-001_aug1.json,MINMIN,0.0740781936301875,0.9988064765930176,0.1666666716337204
40,3,montage-chameleon-2mass-01d-001_aug1.json,MINMIN,0.1058795771853575,0.9988064765930176,0.1666666716337204
40,4,montage-chameleon-2mass-01d-001_aug1.json,MINMIN,0.1058795771853575,0.9988064765930176,0.1666666716337204
40,5,montage-chameleon-2mass-01d-001_aug1.json,MINMIN,0.0430856021204679,0.9988064765930176,0.1666666716337204
40,6,montage-chameleon-2mass-01d-001_aug1.json,MINMIN,0.0430856021204679,0.9988064765930176,0.1666666716337204
41,1,montage-chameleon-2mass-01d-001_aug1.json,MINMIN,0.0740781936301875,0.9988064765930176,0.1666666716337204
41,2,montage-chameleon-2mass-01d-001_aug1.json,MINMIN,0.0740781936301875,0.9988064765930176,0.1666666716337204
41,3,montage-chameleon-2mass-01d-001_aug1.json,MINMIN,0.1058795771853575,0.9988064765930176,0.1666666716337204
41,4,montage-chameleon-2mass-01d-001_aug1.json,MINMIN,0.1058795771853575,0.9988064765930176,0.1666666716337204
41,5,montage-chameleon-2mass-01d-001_aug1.json,MINMIN,0.0430856021204679,0.9988064765930176,0.1666666716337204
41,6,montage-chameleon-2mass-01d-001_aug1.json,MINMIN,0.0430856021204679,0.9988064765930176,0.1666666716337204
42,1,montage-chameleon-2mass-01d-001_aug1.json,MINMIN,0.0740781936301875,0.9988064765930176,0.1666666716337204
42,2,montage-chameleon-2mass-01d-001_aug1.json,MINMIN,0.0740781936301875,0.9988064765930176,0.1666666716337204
42,3,montage-chameleon-2mass-01d-001_aug1.json,MINMIN,0.1058795771853575,0.9988064765930176,0.1666666716337204
42,4,montage-chameleon-2mass-01d-001_aug1.json,MINMIN,0.1058795771853575,0.9988064765930176,0.1666666716337204
42,5,montage-chameleon-2mass-01d-001_aug1.json,MINMIN,0.0430856021204679,0.9988064765930176,0.1666666716337204
42,6,montage-chameleon-2mass-01d-001_aug1.json,MINMIN,0.0430856021204679,0.9988064765930176,0.1666666716337204
43,1,montage-chameleon-2mass-01d-001_aug1.json,MINMIN,0.0740781936301875,0.9988064765930176,0.1666666716337204
43,2,montage-chameleon-2mass-01d-001_aug1.json,MINMIN,0.0740781936301875,0.9988064765930176,0.1666666716337204
43,3,montage-chameleon-2mass-01d-001_aug1.json,MINMIN,0.1058795771853575,0.9988064765930176,0.1666666716337204
43,4,montage-chameleon-2mass-01d-001_aug1.json,MINMIN,0.1058795771853575,0.9988064765930176,0.1666666716337204
43,5,montage-chameleon-2mass-01d-001_aug1.json,MINMIN,0.0430856021204679,0.9988064765930176,0.1666666716337204
43,6,montage-chameleon-2mass-01d-001_aug1.json,MINMIN,0.0430856021204679,0.9988064765930176,0.1666666716337204
44,1,montage-chameleon-2mass-01d-001_aug1.json,MINMIN,0.0740781936301875,0.9988064765930176,0.1666666716337204
44,2,montage-chameleon-2mass-01d-001_aug1.json,MINMIN,0.0740781936301875,0.9988064765930176,0.1666666716337204
44,3,montage-chameleon-2mass-01d-001_aug1.json,MINMIN,0.1058795771853575,0.9988064765930176,0.1666666716337204
44,4,montage-chameleon-2mass-01d-001_aug1.json,MINMIN,0.1058795771853575,0.9988064765930176,0.1666666716337204
44,5,montage-chameleon-2mass-01d-001_aug1.json,MINMIN,0.0430856021204679,0.9988064765930176,0.1666666716337204
44,6,montage-chameleon-2mass-01d-001_aug1.json,MINMIN,0.0430856021204679,0.9988064765930176,0.1666666716337204
45,1,montage-chameleon-2mass-01d-001_aug1.json,MINMIN,0.0740781936301875,0.9988064765930176,0.1666666716337204
45,2,montage-chameleon-2mass-01d-001_aug1.json,MINMIN,0.0740781936301875,0.9988064765930176,0.1666666716337204
45,3,montage-chameleon-2mass-01d-001_aug1.json,MINMIN,0.1058795771853575,0.9988064765930176,0.1666666716337204
45,4,montage-chameleon-2mass-01d-001_aug1.json,MINMIN,0.1058795771853575,0.9988064765930176,0.1666666716337204
45,5,montage-chameleon-2mass-01d-001_aug1.json,MINMIN,0.0430856021204679,0.9988064765930176,0.1666666716337204
45,6,montage-chameleon-2mass-01d-001_aug1.json,MINMIN,0.0430856021204679,0.9988064765930176,0.1666666716337204
46,1,montage-chameleon-2mass-01d-001_aug1.json,MINMIN,0.0740781936301875,0.9988064765930176,0.1666666716337204
46,2,montage-chameleon-2mass-01d-001_aug1.json,MINMIN,0.0740781936301875,0.9988064765930176,0.1666666716337204
46,3,montage-chameleon-2mass-01d-001_aug1.json,MINMIN,0.1058795771853575,0.9988064765930176,0.1666666716337204
46,4,montage-chameleon-2mass-01d-001_aug1.json,MINMIN,0.1058795771853575,0.9988064765930176,0.1666666716337204
46,5,montage-chameleon-2mass-01d-001_aug1.json,MINMIN,0.0430856021204679,0.9988064765930176,0.1666666716337204
46,6,montage-chameleon-2mass-01d-001_aug1.json,MINMIN,0.0430856021204679,0.9988064765930176,0.1666666716337204
47,1,montage-chameleon-2mass-01d-001_aug1.json,MINMIN,0.0740781936301875,0.9988064765930176,0.1666666716337204
47,2,montage-chameleon-2mass-01d-001_aug1.json,MINMIN,0.0740781936301875,0.9988064765930176,0.1666666716337204
47,3,montage-chameleon-2mass-01d-001_aug1.json,MINMIN,0.1058795771853575,0.9988064765930176,0.1666666716337204
47,4,montage-chameleon-2mass-01d-001_aug1.json,MINMIN,0.1058795771853575,0.9988064765930176,0.1666666716337204
47,5,montage-chameleon-2mass-01d-001_aug1.json,MINMIN,0.0430856021204679,0.9988064765930176,0.1666666716337204
47,6,montage-chameleon-2mass-01d-001_aug1.json,MINMIN,0.0430856021204679,0.9988064765930176,0.1666666716337204
48,1,montage-chameleon-2mass-01d-001_aug1.json,MINMIN,0.0740781936301875,0.9988064765930176,0.1666666716337204
48,2,montage-chameleon-2mass-01d-001_aug1.json,MINMIN,0.0740781936301875,0.9988064765930176,0.1666666716337204
48,3,montage-chameleon-2mass-01d-001_aug1.json,MINMIN,0.1058795771853575,0.9988064765930176,0.1666666716337204
48,4,montage-chameleon-2mass-01d-001_aug1.json,MINMIN,0.1058795771853575,0.9988064765930176,0.1666666716337204
48,5,montage-chameleon-2mass-01d-001_aug1.json,MINMIN,0.0430856021204679,0.9988064765930176,0.1666666716337204
48,6,montage-chameleon-2mass-01d-001_aug1.json,MINMIN,0.0430856021204679,0.9988064765930176,0.1666666716337204
49,1,montage-chameleon-2mass-01d-001_aug1.json,MINMIN,0.0740781936301875,0.9988064765930176,0.1666666716337204
49,2,montage-chameleon-2mass-01d-001_aug1.json,MINMIN,0.0740781936301875,0.9988064765930176,0.1666666716337204
49,3,montage-chameleon-2mass-01d-001_aug1.json,MINMIN,0.1058795771853575,0.9988064765930176,0.1666666716337204
49,4,montage-chameleon-2mass-01d-001_aug1.json,MINMIN,0.1058795771853575,0.9988064765930176,0.1666666716337204
49,5,montage-chameleon-2mass-01d-001_aug1.json,MINMIN,0.0430856021204679,0.9988064765930176,0.1666666716337204
49,6,montage-chameleon-2mass-01d-001_aug1.json,MINMIN,0.0430856021204679,0.9988064765930176,0.1666666716337204
50,1,montage-chameleon-2mass-01d-001_aug1.json,MINMIN,0.0740781936301875,0.9988064765930176,0.1666666716337204
50,2,montage-chameleon-2mass-01d-001_aug1.json,MINMIN,0.0740781936301875,0.9988064765930176,0.1666666716337204
50,3,montage-chameleon-2mass-01d-001_aug1.json,MINMIN,0.1058795771853575,0.9988064765930176,0.1666666716337204
50,4,montage-chameleon-2mass-01d-001_aug1.json,MINMIN,0.1058795771853575,0.9988064765930176,0.1666666716337204
50,5,montage-chameleon-2mass-01d-001_aug1.json,MINMIN,0.0430856021204679,0.9988064765930176,0.1666666716337204
50,6,montage-chameleon-2mass-01d-001_aug1.json,MINMIN,0.0430856021204679,0.9988064765930176,0.1666666716337204
51,1,montage-chameleon-2mass-01d-001_aug1.json,MINMIN,0.0740781936301875,0.9988064765930176,0.1666666716337204
51,2,montage-chameleon-2mass-01d-001_aug1.json,MINMIN,0.0740781936301875,0.9988064765930176,0.1666666716337204
51,3,montage-chameleon-2mass-01d-001_aug1.json,MINMIN,0.1058795771853575,0.9988064765930176,0.1666666716337204
51,4,montage-chameleon-2mass-01d-001_aug1.json,MINMIN,0.1058795771853575,0.9988064765930176,0.1666666716337204
51,5,montage-chameleon-2mass-01d-001_aug1.json,MINMIN,0.0430856021204679,0.9988064765930176,0.1666666716337204
51,6,montage-chameleon-2mass-01d-001_aug1.json,MINMIN,0.0430856021204679,0.9988064765930176,0.1666666716337204
52,1,montage-chameleon-2mass-01d-001_aug1.json,MINMIN,0.0740781936301875,0.9988064765930176,0.1666666716337204
52,2,montage-chameleon-2mass-01d-001_aug1.json,MINMIN,0.0740781936301875,0.9988064765930176,0.1666666716337204
52,3,montage-chameleon-2mass-01d-001_aug1.json,MINMIN,0.1058795771853575,0.9988064765930176,0.1666666716337204
52,4,montage-chameleon-2mass-01d-001_aug1.json,MINMIN,0.1058795771853575,0.9988064765930176,0.1666666716337204
52,5,montage-chameleon-2mass-01d-001_aug1.json,MINMIN,0.0430856021204679,0.9988064765930176,0.1666666716337204
52,6,montage-chameleon-2mass-01d-001_aug1.json,MINMIN,0.0430856021204679,0.9988064765930176,0.1666666716337204
53,1,montage-chameleon-2mass-01d-001_aug1.json,MINMIN,0.0740781936301875,0.9988064765930176,0.1666666716337204
53,2,montage-chameleon-2mass-01d-001_aug1.json,MINMIN,0.0740781936301875,0.9988064765930176,0.1666666716337204
53,3,montage-chameleon-2mass-01d-001_aug1.json,MINMIN,0.1058795771853575,0.9988064765930176,0.1666666716337204
53,4,montage-chameleon-2mass-01d-001_aug1.json,MINMIN,0.1058795771853575,0.9988064765930176,0.1666666716337204
53,5,montage-chameleon-2mass-01d-001_aug1.json,MINMIN,0.0430856021204679,0.9988064765930176,0.1666666716337204
53,6,montage-chameleon-2mass-01d-001_aug1.json,MINMIN,0.0430856021204679,0.9988064765930176,0.1666666716337204
54,1,montage-chameleon-2mass-01d-001_aug1.json,MINMIN,0.0740781936301875,0.9988064765930176,0.1666666716337204
54,2,montage-chameleon-2mass-01d-001_aug1.json,MINMIN,0.0740781936301875,0.9988064765930176,0.1666666716337204
54,3,montage-chameleon-2mass-01d-001_aug1.json,MINMIN,0.1058795771853575,0.9988064765930176,0.1666666716337204
54,4,montage-chameleon-2mass-01d-001_aug1.json,MINMIN,0.1058795771853575,0.9988064765930176,0.1666666716337204
54,5,montage-chameleon-2mass-01d-001_aug1.json,MINMIN,0.0430856021204679,0.9988064765930176,0.1666666716337204
54,6,montage-chameleon-2mass-01d-001_aug1.json,MINMIN,0.0430856021204679,0.9988064765930176,0.1666666716337204
55,1,montage-chameleon-2mass-01d-001_aug1.json,MINMIN,0.0740781936301875,0.9988064765930176,0.1666666716337204
55,2,montage-chameleon-2mass-01d-001_aug1.json,MINMIN,0.0740781936301875,0.9988064765930176,0.1666666716337204
55,3,montage-chameleon-2mass-01d-001_aug1.json,MINMIN,0.1058795771853575,0.9988064765930176,0.1666666716337204
55,4,montage-chameleon-2mass-01d-001_aug1.json,MINMIN,0.1058795771853575,0.9988064765930176,0.1666666716337204
55,5,montage-chameleon-2mass-01d-001_aug1.json,MINMIN,0.0430856021204679,0.9988064765930176,0.1666666716337204
55,6,montage-chameleon-2mass-01d-001_aug1.json,MINMIN,0.0430856021204679,0.9988064765930176,0.1666666716337204
56,1,montage-chameleon-2mass-01d-001_aug1.json,MINMIN,0.0740781936301875,0.9988064765930176,0.1666666716337204
56,2,montage-chameleon-2mass-01d-001_aug1.json,MINMIN,0.0740781936301875,0.9988064765930176,0.1666666716337204
56,3,montage-chameleon-2mass-01d-001_aug1.json,MINMIN,0.1058795771853575,0.9988064765930176,0.1666666716337204
56,4,montage-chameleon-2mass-01d-001_aug1.json,MINMIN,0.1058795771853575,0.9988064765930176,0.1666666716337204
56,5,montage-chameleon-2mass-01d-001_aug1.json,MINMIN,0.0430856021204679,0.9988064765930176,0.1666666716337204
56,6,montage-chameleon-2mass-01d-001_aug1.json,MINMIN,0.0430856021204679,0.9988064765930176,0.1666666716337204
57,1,montage-chameleon-2mass-01d-001_aug1.json,MINMIN,0.0740781936301875,0.9988064765930176,0.1666666716337204
57,2,montage-chameleon-2mass-01d-001_aug1.json,MINMIN,0.0740781936301875,0.9988064765930176,0.1666666716337204
57,3,montage-chameleon-2mass-01d-001_aug1.json,MINMIN,0.1058795771853575,0.9988064765930176,0.1666666716337204
57,4,montage-chameleon-2mass-01d-001_aug1.json,MINMIN,0.1058795771853575,0.9988064765930176,0.1666666716337204
57,5,montage-chameleon-2mass-01d-001_aug1.json,MINMIN,0.0430856021204679,0.9988064765930176,0.1666666716337204
57,6,montage-chameleon-2mass-01d-001_aug1.json,MINMIN,0.0430856021204679,0.9988064765930176,0.1666666716337204
58,1,montage-chameleon-2mass-01d-001_aug1.json,MINMIN,0.0740781936301875,0.9988064765930176,0.1666666716337204
58,2,montage-chameleon-2mass-01d-001_aug1.json,MINMIN,0.0740781936301875,0.9988064765930176,0.1666666716337204
58,3,montage-chameleon-2mass-01d-001_aug1.json,MINMIN,0.1058795771853575,0.9988064765930176,0.1666666716337204
58,4,montage-chameleon-2mass-01d-001_aug1.json,MINMIN,0.1058795771853575,0.9988064765930176,0.1666666716337204
58,5,montage-chameleon-2mass-01d-001_aug1.json,MINMIN,0.0430856021204679,0.9988064765930176,0.1666666716337204
58,6,montage-chameleon-2mass-01d-001_aug1.json,MINMIN,0.0430856021204679,0.9988064765930176,0.1666666716337204
59,1,montage-chameleon-2mass-01d-001_aug1.json,MINMIN,0.0740781936301875,0.9988064765930176,0.1666666716337204
59,2,montage-chameleon-2mass-01d-001_aug1.json,MINMIN,0.0740781936301875,0.9988064765930176,0.1666666716337204
59,3,montage-chameleon-2mass-01d-001_aug1.json,MINMIN,0.1058795771853575,0.9988064765930176,0.1666666716337204
59,4,montage-chameleon-2mass-01d-001_aug1.json,MINMIN,0.1058795771853575,0.9988064765930176,0.1666666716337204
59,5,montage-chameleon-2mass-01d-001_aug1.json,MINMIN,0.0430856021204679,0.9988064765930176,0.1666666716337204
59,6,montage-chameleon-2mass-01d-001_aug1.json,MINMIN,0.0430856021204679,0.9988064765930176,0.1666666716337204
60,1,montage-chameleon-2mass-01d-001_aug1.json,MINMIN,0.0740781936301875,0.9988064765930176,0.1666666716337204
60,2,montage-chameleon-2mass-01d-001_aug1.json,MINMIN,0.0740781936301875,0.9988064765930176,0.1666666716337204
60,3,montage-chameleon-2mass-01d-001_aug1.json,MINMIN,0.1058795771853575,0.9988064765930176,0.1666666716337204
60,4,montage-chameleon-2mass-01d-001_aug1.json,MINMIN,0.1058795771853575,0.9988064765930176,0.1666666716337204
60,5,montage-chameleon-2mass-01d-001_aug1.json,MINMIN,0.0430856021204679,0.9988064765930176,0.1666666716337204
60,6,montage-chameleon-2mass-01d-001_aug1.json,MINMIN,0.0430856021204679,0.9988064765930176,0.1666666716337204
61,1,montage-chameleon-2mass-01d-001_aug1.json,MINMIN,0.0740781936301875,0.9988064765930176,0.1666666716337204
61,2,montage-chameleon-2mass-01d-001_aug1.json,MINMIN,0.0740781936301875,0.9988064765930176,0.1666666716337204
61,3,montage-chameleon-2mass-01d-001_aug1.json,MINMIN,0.1058795771853575,0.9988064765930176,0.1666666716337204
61,4,montage-chameleon-2mass-01d-001_aug1.json,MINMIN,0.1058795771853575,0.9988064765930176,0.1666666716337204
61,5,montage-chameleon-2mass-01d-001_aug1.json,MINMIN,0.0430856021204679,0.9988064765930176,0.1666666716337204
61,6,montage-chameleon-2mass-01d-001_aug1.json,MINMIN,0.0430856021204679,0.9988064765930176,0.1666666716337204
62,1,montage-chameleon-2mass-01d-001_aug1.json,MINMIN,0.0740781936301875,0.9988064765930176,0.1666666716337204
62,2,montage-chameleon-2mass-01d-001_aug1.json,MINMIN,0.0740781936301875,0.9988064765930176,0.1666666716337204
62,3,montage-chameleon-2mass-01d-001_aug1.json,MINMIN,0.1058795771853575,0.9988064765930176,0.1666666716337204
62,4,montage-chameleon-2mass-01d-001_aug1.json,MINMIN,0.1058795771853575,0.9988064765930176,0.1666666716337204
62,5,montage-chameleon-2mass-01d-001_aug1.json,MINMIN,0.0430856021204679,0.9988064765930176,0.1666666716337204
62,6,montage-chameleon-2mass-01d-001_aug1.json,MINMIN,0.0430856021204679,0.9988064765930176,0.1666666716337204
63,1,montage-chameleon-2mass-01d-001_aug1.json,MINMIN,0.0740781936301875,0.9988064765930176,0.1666666716337204
63,2,montage-chameleon-2mass-01d-001_aug1.json,MINMIN,0.0740781936301875,0.9988064765930176,0.1666666716337204
63,3,montage-chameleon-2mass-01d-001_aug1.json,MINMIN,0.1058795771853575,0.9988064765930176,0.1666666716337204
63,4,montage-chameleon-2mass-01d-001_aug1.json,MINMIN,0.1058795771853575,0.9988064765930176,0.1666666716337204
63,5,montage-chameleon-2mass-01d-001_aug1.json,MINMIN,0.0430856021204679,0.9988064765930176,0.1666666716337204
63,6,montage-chameleon-2mass-01d-001_aug1.json,MINMIN,0.0430856021204679,0.9988064765930176,0.1666666716337204
64,1,montage-chameleon-2mass-01d-001_aug1.json,MINMIN,0.0740781936301875,0.9988064765930176,0.1666666716337204
64,2,montage-chameleon-2mass-01d-001_aug1.json,MINMIN,0.0740781936301875,0.9988064765930176,0.1666666716337204
64,3,montage-chameleon-2mass-01d-001_aug1.json,MINMIN,0.1058795771853575,0.9988064765930176,0.1666666716337204
64,4,montage-chameleon-2mass-01d-001_aug1.json,MINMIN,0.1058795771853575,0.9988064765930176,0.1666666716337204
64,5,montage-chameleon-2mass-01d-001_aug1.json,MINMIN,0.0430856021204679,0.9988064765930176,0.1666666716337204
64,6,montage-chameleon-2mass-01d-001_aug1.json,MINMIN,0.0430856021204679,0.9988064765930176,0.1666666716337204
65,1,montage-chameleon-2mass-01d-001_aug1.json,MINMIN,0.0740781936301875,0.9988064765930176,0.1666666716337204
65,2,montage-chameleon-2mass-01d-001_aug1.json,MINMIN,0.0740781936301875,0.9988064765930176,0.1666666716337204
65,3,montage-chameleon-2mass-01d-001_aug1.json,MINMIN,0.1058795771853575,0.9988064765930176,0.1666666716337204
65,4,montage-chameleon-2mass-01d-001_aug1.json,MINMIN,0.1058795771853575,0.9988064765930176,0.1666666716337204
65,5,montage-chameleon-2mass-01d-001_aug1.json,MINMIN,0.0430856021204679,0.9988064765930176,0.1666666716337204
65,6,montage-chameleon-2mass-01d-001_aug1.json,MINMIN,0.0430856021204679,0.9988064765930176,0.1666666716337204
66,1,montage-chameleon-2mass-01d-001_aug1.json,MINMIN,0.0740781936301875,0.9988064765930176,0.1666666716337204
66,2,montage-chameleon-2mass-01d-001_aug1.json,MINMIN,0.0740781936301875,0.9988064765930176,0.1666666716337204
66,3,montage-chameleon-2mass-01d-001_aug1.json,MINMIN,0.1058795771853575,0.9988064765930176,0.1666666716337204
66,4,montage-chameleon-2mass-01d-001_aug1.json,MINMIN,0.1058795771853575,0.9988064765930176,0.1666666716337204
66,5,montage-chameleon-2mass-01d-001_aug1.json,MINMIN,0.0430856021204679,0.9988064765930176,0.1666666716337204
66,6,montage-chameleon-2mass-01d-001_aug1.json,MINMIN,0.0430856021204679,0.9988064765930176,0.1666666716337204
67,1,montage-chameleon-2mass-01d-001_aug1.json,MINMIN,0.0740781936301875,0.9988064765930176,0.1666666716337204
67,2,montage-chameleon-2mass-01d-001_aug1.json,MINMIN,0.0740781936301875,0.9988064765930176,0.1666666716337204
67,3,montage-chameleon-2mass-01d-001_aug1.json,MINMIN,0.1058795771853575,0.9988064765930176,0.1666666716337204
67,4,montage-chameleon-2mass-01d-001_aug1.json,MINMIN,0.1058795771853575,0.9988064765930176,0.1666666716337204
67,5,montage-chameleon-2mass-01d-001_aug1.json,MINMIN,0.0430856021204679,0.9988064765930176,0.1666666716337204
67,6,montage-chameleon-2mass-01d-001_aug1.json,MINMIN,0.0430856021204679,0.9988064765930176,0.1666666716337204
68,1,montage-chameleon-2mass-01d-001_aug1.json,MINMIN,0.0740781936301875,0.9988064765930176,0.1666666716337204
68,2,montage-chameleon-2mass-01d-001_aug1.json,MINMIN,0.0740781936301875,0.9988064765930176,0.1666666716337204
68,3,montage-chameleon-2mass-01d-001_aug1.json,MINMIN,0.1058795771853575,0.9988064765930176,0.1666666716337204
68,4,montage-chameleon-2mass-01d-001_aug1.json,MINMIN,0.1058795771853575,0.9988064765930176,0.1666666716337204
68,5,montage-chameleon-2mass-01d-001_aug1.json,MINMIN,0.0430856021204679,0.9988064765930176,0.1666666716337204
68,6,montage-chameleon-2mass-01d-001_aug1.json,MINMIN,0.0430856021204679,0.9988064765930176,0.1666666716337204
69,1,montage-chameleon-2mass-01d-001_aug1.json,MINMIN,0.0740781936301875,0.9988064765930176,0.1666666716337204
69,2,montage-chameleon-2mass-01d-001_aug1.json,MINMIN,0.0740781936301875,0.9988064765930176,0.1666666716337204
69,3,montage-chameleon-2mass-01d-001_aug1.json,MINMIN,0.1058795771853575,0.9988064765930176,0.1666666716337204
69,4,montage-chameleon-2mass-01d-001_aug1.json,MINMIN,0.1058795771853575,0.9988064765930176,0.1666666716337204
69,5,montage-chameleon-2mass-01d-001_aug1.json,MINMIN,0.0430856021204679,0.9988064765930176,0.1666666716337204
69,6,montage-chameleon-2mass-01d-001_aug1.json,MINMIN,0.0430856021204679,0.9988064765930176,0.1666666716337204
70,1,montage-chameleon-2mass-01d-001_aug1.json,MINMIN,0.0740781936301875,0.9988064765930176,0.1666666716337204
70,2,montage-chameleon-2mass-01d-001_aug1.json,MINMIN,0.0740781936301875,0.9988064765930176,0.1666666716337204
70,3,montage-chameleon-2mass-01d-001_aug1.json,MINMIN,0.1058795771853575,0.9988064765930176,0.1666666716337204
70,4,montage-chameleon-2mass-01d-001_aug1.json,MINMIN,0.1058795771853575,0.9988064765930176,0.1666666716337204
70,5,montage-chameleon-2mass-01d-001_aug1.json,MINMIN,0.0430856021204679,0.9988064765930176,0.1666666716337204
70,6,montage-chameleon-2mass-01d-001_aug1.json,MINMIN,0.0430856021204679,0.9988064765930176,0.1666666716337204
71,1,montage-chameleon-2mass-01d-001_aug1.json,MINMIN,0.0740781936301875,0.9988064765930176,0.1666666716337204
71,2,montage-chameleon-2mass-01d-001_aug1.json,MINMIN,0.0740781936301875,0.9988064765930176,0.1666666716337204
71,3,montage-chameleon-2mass-01d-001_aug1.json,MINMIN,0.1058795771853575,0.9988064765930176,0.1666666716337204
71,4,montage-chameleon-2mass-01d-001_aug1.json,MINMIN,0.1058795771853575,0.9988064765930176,0.1666666716337204
71,5,montage-chameleon-2mass-01d-001_aug1.json,MINMIN,0.0430856021204679,0.9988064765930176,0.1666666716337204
71,6,montage-chameleon-2mass-01d-001_aug1.json,MINMIN,0.0430856021204679,0.9988064765930176,0.1666666716337204
72,1,montage-chameleon-2mass-01d-001_aug1.json,MINMIN,0.0740781936301875,0.9988064765930176,0.1666666716337204
72,2,montage-chameleon-2mass-01d-001_aug1.json,MINMIN,0.0740781936301875,0.9988064765930176,0.1666666716337204
72,3,montage-chameleon-2mass-01d-001_aug1.json,MINMIN,0.1058795771853575,0.9988064765930176,0.1666666716337204
72,4,montage-chameleon-2mass-01d-001_aug1.json,MINMIN,0.1058795771853575,0.9988064765930176,0.1666666716337204
72,5,montage-chameleon-2mass-01d-001_aug1.json,MINMIN,0.0430856021204679,0.9988064765930176,0.1666666716337204
72,6,montage-chameleon-2mass-01d-001_aug1.json,MINMIN,0.0430856021204679,0.9988064765930176,0.1666666716337204
73,1,montage-chameleon-2mass-01d-001_aug1.json,MINMIN,0.0740781936301875,0.9988064765930176,0.1666666716337204
73,2,montage-chameleon-2mass-01d-001_aug1.json,MINMIN,0.0740781936301875,0.9988064765930176,0.1666666716337204
73,3,montage-chameleon-2mass-01d-001_aug1.json,MINMIN,0.1058795771853575,0.9988064765930176,0.1666666716337204
73,4,montage-chameleon-2mass-01d-001_aug1.json,MINMIN,0.1058795771853575,0.9988064765930176,0.1666666716337204
73,5,montage-chameleon-2mass-01d-001_aug1.json,MINMIN,0.0430856021204679,0.9988064765930176,0.1666666716337204
73,6,montage-chameleon-2mass-01d-001_aug1.json,MINMIN,0.0430856021204679,0.9988064765930176,0.1666666716337204
74,1,montage-chameleon-2mass-01d-001_aug1.json,MINMIN,0.0740781936301875,0.9988064765930176,0.1666666716337204
74,2,montage-chameleon-2mass-01d-001_aug1.json,MINMIN,0.0740781936301875,0.9988064765930176,0.1666666716337204
74,3,montage-chameleon-2mass-01d-001_aug1.json,MINMIN,0.1058795771853575,0.9988064765930176,0.1666666716337204
74,4,montage-chameleon-2mass-01d-001_aug1.json,MINMIN,0.1058795771853575,0.9988064765930176,0.1666666716337204
74,5,montage-chameleon-2mass-01d-001_aug1.json,MINMIN,0.0430856021204679,0.9988064765930176,0.1666666716337204
74,6,montage-chameleon-2mass-01d-001_aug1.json,MINMIN,0.0430856021204679,0.9988064765930176,0.1666666716337204
75,1,montage-chameleon-2mass-01d-001_aug1.json,MINMIN,0.0740781936301875,0.9988064765930176,0.1666666716337204
75,2,montage-chameleon-2mass-01d-001_aug1.json,MINMIN,0.0740781936301875,0.9988064765930176,0.1666666716337204
75,3,montage-chameleon-2mass-01d-001_aug1.json,MINMIN,0.1058795771853575,0.9988064765930176,0.1666666716337204
75,4,montage-chameleon-2mass-01d-001_aug1.json,MINMIN,0.1058795771853575,0.9988064765930176,0.1666666716337204
75,5,montage-chameleon-2mass-01d-001_aug1.json,MINMIN,0.0430856021204679,0.9988064765930176,0.1666666716337204
75,6,montage-chameleon-2mass-01d-001_aug1.json,MINMIN,0.0430856021204679,0.9988064765930176,0.1666666716337204
76,1,montage-chameleon-2mass-01d-001_aug1.json,MINMIN,0.0740781936301875,0.9988064765930176,0.1666666716337204
76,2,montage-chameleon-2mass-01d-001_aug1.json,MINMIN,0.0740781936301875,0.9988064765930176,0.1666666716337204
76,3,montage-chameleon-2mass-01d-001_aug1.json,MINMIN,0.1058795771853575,0.9988064765930176,0.1666666716337204
76,4,montage-chameleon-2mass-01d-001_aug1.json,MINMIN,0.1058795771853575,0.9988064765930176,0.1666666716337204
76,5,montage-chameleon-2mass-01d-001_aug1.json,MINMIN,0.0430856021204679,0.9988064765930176,0.1666666716337204
76,6,montage-chameleon-2mass-01d-001_aug1.json,MINMIN,0.0430856021204679,0.9988064765930176,0.1666666716337204
77,1,montage-chameleon-2mass-01d-001_aug1.json,MINMIN,0.0740781936301875,0.9988064765930176,0.1666666716337204
77,2,montage-chameleon-2mass-01d-001_aug1.json,MINMIN,0.0740781936301875,0.9988064765930176,0.1666666716337204
77,3,montage-chameleon-2mass-01d-001_aug1.json,MINMIN,0.1058795771853575,0.9988064765930176,0.1666666716337204
77,4,montage-chameleon-2mass-01d-001_aug1.json,MINMIN,0.1058795771853575,0.9988064765930176,0.1666666716337204
77,5,montage-chameleon-2mass-01d-001_aug1.json,MINMIN,0.0430856021204679,0.9988064765930176,0.1666666716337204
77,6,montage-chameleon-2mass-01d-001_aug1.json,MINMIN,0.0430856021204679,0.9988064765930176,0.1666666716337204
78,1,montage-chameleon-2mass-01d-001_aug1.json,MINMIN,0.0740781936301875,0.9988064765930176,0.1666666716337204
78,2,montage-chameleon-2mass-01d-001_aug1.json,MINMIN,0.0740781936301875,0.9988064765930176,0.1666666716337204
78,3,montage-chameleon-2mass-01d-001_aug1.json,MINMIN,0.1058795771853575,0.9988064765930176,0.1666666716337204
78,4,montage-chameleon-2mass-01d-001_aug1.json,MINMIN,0.1058795771853575,0.9988064765930176,0.1666666716337204
78,5,montage-chameleon-2mass-01d-001_aug1.json,MINMIN,0.0430856021204679,0.9988064765930176,0.1666666716337204
78,6,montage-chameleon-2mass-01d-001_aug1.json,MINMIN,0.0430856021204679,0.9988064765930176,0.1666666716337204
79,1,montage-chameleon-2mass-01d-001_aug1.json,MINMIN,0.0740781936301875,0.9988064765930176,0.1666666716337204
79,2,montage-chameleon-2mass-01d-001_aug1.json,MINMIN,0.0740781936301875,0.9988064765930176,0.1666666716337204
79,3,montage-chameleon-2mass-01d-001_aug1.json,MINMIN,0.1058795771853575,0.9988064765930176,0.1666666716337204
79,4,montage-chameleon-2mass-01d-001_aug1.json,MINMIN,0.1058795771853575,0.9988064765930176,0.1666666716337204
79,5,montage-chameleon-2mass-01d-001_aug1.json,MINMIN,0.0430856021204679,0.9988064765930176,0.1666666716337204
79,6,montage-chameleon-2mass-01d-001_aug1.json,MINMIN,0.0430856021204679,0.9988064765930176,0.1666666716337204
80,1,montage-chameleon-2mass-01d-001_aug1.json,MINMIN,0.0740781936301875,0.9988064765930176,0.1666666716337204
80,2,montage-chameleon-2mass-01d-001_aug1.json,MINMIN,0.0740781936301875,0.9988064765930176,0.1666666716337204
80,3,montage-chameleon-2mass-01d-001_aug1.json,MINMIN,0.1058795771853575,0.9988064765930176,0.1666666716337204
80,4,montage-chameleon-2mass-01d-001_aug1.json,MINMIN,0.1058795771853575,0.9988064765930176,0.1666666716337204
80,5,montage-chameleon-2mass-01d-001_aug1.json,MINMIN,0.0430856021204679,0.9988064765930176,0.1666666716337204
80,6,montage-chameleon-2mass-01d-001_aug1.json,MINMIN,0.0430856021204679,0.9988064765930176,0.1666666716337204
81,1,montage-chameleon-2mass-01d-001_aug1.json,MINMIN,0.0740781936301875,0.9988064765930176,0.1666666716337204
81,2,montage-chameleon-2mass-01d-001_aug1.json,MINMIN,0.0740781936301875,0.9988064765930176,0.1666666716337204
81,3,montage-chameleon-2mass-01d-001_aug1.json,MINMIN,0.1058795771853575,0.9988064765930176,0.1666666716337204
81,4,montage-chameleon-2mass-01d-001_aug1.json,MINMIN,0.1058795771853575,0.9988064765930176,0.1666666716337204
81,5,montage-chameleon-2mass-01d-001_aug1.json,MINMIN,0.0430856021204679,0.9988064765930176,0.1666666716337204
81,6,montage-chameleon-2mass-01d-001_aug1.json,MINMIN,0.0430856021204679,0.9988064765930176,0.1666666716337204
82,1,montage-chameleon-2mass-01d-001_aug1.json,MINMIN,0.0740781936301875,0.9988064765930176,0.1666666716337204
82,2,montage-chameleon-2mass-01d-001_aug1.json,MINMIN,0.0740781936301875,0.9988064765930176,0.1666666716337204
82,3,montage-chameleon-2mass-01d-001_aug1.json,MINMIN,0.1058795771853575,0.9988064765930176,0.1666666716337204
82,4,montage-chameleon-2mass-01d-001_aug1.json,MINMIN,0.1058795771853575,0.9988064765930176,0.1666666716337204
82,5,montage-chameleon-2mass-01d-001_aug1.json,MINMIN,0.0430856021204679,0.9988064765930176,0.1666666716337204
82,6,montage-chameleon-2mass-01d-001_aug1.json,MINMIN,0.0430856021204679,0.9988064765930176,0.1666666716337204
83,1,montage-chameleon-2mass-01d-001_aug1.json,MINMIN,0.0740781936301875,0.9988064765930176,0.1666666716337204
83,2,montage-chameleon-2mass-01d-001_aug1.json,MINMIN,0.0740781936301875,0.9988064765930176,0.1666666716337204
83,3,montage-chameleon-2mass-01d-001_aug1.json,MINMIN,0.1058795771853575,0.9988064765930176,0.1666666716337204
83,4,montage-chameleon-2mass-01d-001_aug1.json,MINMIN,0.1058795771853575,0.9988064765930176,0.1666666716337204
83,5,montage-chameleon-2mass-01d-001_aug1.json,MINMIN,0.0430856021204679,0.9988064765930176,0.1666666716337204
83,6,montage-chameleon-2mass-01d-001_aug1.json,MINMIN,0.0430856021204679,0.9988064765930176,0.1666666716337204
84,1,montage-chameleon-2mass-01d-001_aug1.json,MINMIN,0.0740781936301875,0.9988064765930176,0.1666666716337204
84,2,montage-chameleon-2mass-01d-001_aug1.json,MINMIN,0.0740781936301875,0.9988064765930176,0.1666666716337204
84,3,montage-chameleon-2mass-01d-001_aug1.json,MINMIN,0.1058795771853575,0.9988064765930176,0.1666666716337204
84,4,montage-chameleon-2mass-01d-001_aug1.json,MINMIN,0.1058795771853575,0.9988064765930176,0.1666666716337204
84,5,montage-chameleon-2mass-01d-001_aug1.json,MINMIN,0.0430856021204679,0.9988064765930176,0.1666666716337204
84,6,montage-chameleon-2mass-01d-001_aug1.json,MINMIN,0.0430856021204679,0.9988064765930176,0.1666666716337204
85,1,montage-chameleon-2mass-01d-001_aug1.json,MINMIN,0.0740781936301875,0.9988064765930176,0.1666666716337204
85,2,montage-chameleon-2mass-01d-001_aug1.json,MINMIN,0.0740781936301875,0.9988064765930176,0.1666666716337204
85,3,montage-chameleon-2mass-01d-001_aug1.json,MINMIN,0.1058795771853575,0.9988064765930176,0.1666666716337204
85,4,montage-chameleon-2mass-01d-001_aug1.json,MINMIN,0.1058795771853575,0.9988064765930176,0.1666666716337204
85,5,montage-chameleon-2mass-01d-001_aug1.json,MINMIN,0.0430856021204679,0.9988064765930176,0.1666666716337204
85,6,montage-chameleon-2mass-01d-001_aug1.json,MINMIN,0.0430856021204679,0.9988064765930176,0.1666666716337204
86,1,montage-chameleon-2mass-01d-001_aug1.json,MINMIN,0.0740781936301875,0.9988064765930176,0.1666666716337204
86,2,montage-chameleon-2mass-01d-001_aug1.json,MINMIN,0.0740781936301875,0.9988064765930176,0.1666666716337204
86,3,montage-chameleon-2mass-01d-001_aug1.json,MINMIN,0.1058795771853575,0.9988064765930176,0.1666666716337204
86,4,montage-chameleon-2mass-01d-001_aug1.json,MINMIN,0.1058795771853575,0.9988064765930176,0.1666666716337204
86,5,montage-chameleon-2mass-01d-001_aug1.json,MINMIN,0.0430856021204679,0.9988064765930176,0.1666666716337204
86,6,montage-chameleon-2mass-01d-001_aug1.json,MINMIN,0.0430856021204679,0.9988064765930176,0.1666666716337204
87,1,montage-chameleon-2mass-01d-001_aug1.json,MINMIN,0.0740781936301875,0.9988064765930176,0.1666666716337204
87,2,montage-chameleon-2mass-01d-001_aug1.json,MINMIN,0.0740781936301875,0.9988064765930176,0.1666666716337204
87,3,montage-chameleon-2mass-01d-001_aug1.json,MINMIN,0.1058795771853575,0.9988064765930176,0.1666666716337204
87,4,montage-chameleon-2mass-01d-001_aug1.json,MINMIN,0.1058795771853575,0.9988064765930176,0.1666666716337204
87,5,montage-chameleon-2mass-01d-001_aug1.json,MINMIN,0.0430856021204679,0.9988064765930176,0.1666666716337204
87,6,montage-chameleon-2mass-01d-001_aug1.json,MINMIN,0.0430856021204679,0.9988064765930176,0.1666666716337204
88,1,montage-chameleon-2mass-01d-001_aug1.json,MINMIN,0.0740781936301875,0.9988064765930176,0.1666666716337204
88,2,montage-chameleon-2mass-01d-001_aug1.json,MINMIN,0.0740781936301875,0.9988064765930176,0.1666666716337204
88,3,montage-chameleon-2mass-01d-001_aug1.json,MINMIN,0.1058795771853575,0.9988064765930176,0.1666666716337204
88,4,montage-chameleon-2mass-01d-001_aug1.json,MINMIN,0.1058795771853575,0.9988064765930176,0.1666666716337204
88,5,montage-chameleon-2mass-01d-001_aug1.json,MINMIN,0.0430856021204679,0.9988064765930176,0.1666666716337204
88,6,montage-chameleon-2mass-01d-001_aug1.json,MINMIN,0.0430856021204679,0.9988064765930176,0.1666666716337204
89,1,montage-chameleon-2mass-01d-001_aug1.json,MINMIN,0.0740781936301875,0.9988064765930176,0.1666666716337204
89,2,montage-chameleon-2mass-01d-001_aug1.json,MINMIN,0.0740781936301875,0.9988064765930176,0.1666666716337204
89,3,montage-chameleon-2mass-01d-001_aug1.json,MINMIN,0.1058795771853575,0.9988064765930176,0.1666666716337204
89,4,montage-chameleon-2mass-01d-001_aug1.json,MINMIN,0.1058795771853575,0.9988064765930176,0.1666666716337204
89,5,montage-chameleon-2mass-01d-001_aug1.json,MINMIN,0.0430856021204679,0.9988064765930176,0.1666666716337204
89,6,montage-chameleon-2mass-01d-001_aug1.json,MINMIN,0.0430856021204679,0.9988064765930176,0.1666666716337204
90,1,montage-chameleon-2mass-01d-001_aug1.json,MINMIN,0.0740781936301875,0.9988064765930176,0.1666666716337204
90,2,montage-chameleon-2mass-01d-001_aug1.json,MINMIN,0.0740781936301875,0.9988064765930176,0.1666666716337204
90,3,montage-chameleon-2mass-01d-001_aug1.json,MINMIN,0.1058795771853575,0.9988064765930176,0.1666666716337204
90,4,montage-chameleon-2mass-01d-001_aug1.json,MINMIN,0.1058795771853575,0.9988064765930176,0.1666666716337204
90,5,montage-chameleon-2mass-01d-001_aug1.json,MINMIN,0.0430856021204679,0.9988064765930176,0.1666666716337204
90,6,montage-chameleon-2mass-01d-001_aug1.json,MINMIN,0.0430856021204679,0.9988064765930176,0.1666666716337204
91,1,montage-chameleon-2mass-01d-001_aug1.json,MINMIN,0.0740781936301875,0.9988064765930176,0.1666666716337204
91,2,montage-chameleon-2mass-01d-001_aug1.json,MINMIN,0.0740781936301875,0.9988064765930176,0.1666666716337204
91,3,montage-chameleon-2mass-01d-001_aug1.json,MINMIN,0.1058795771853575,0.9988064765930176,0.1666666716337204
91,4,montage-chameleon-2mass-01d-001_aug1.json,MINMIN,0.1058795771853575,0.9988064765930176,0.1666666716337204
91,5,montage-chameleon-2mass-01d-001_aug1.json,MINMIN,0.0430856021204679,0.9988064765930176,0.1666666716337204
91,6,montage-chameleon-2mass-01d-001_aug1.json,MINMIN,0.0430856021204679,0.9988064765930176,0.1666666716337204
92,1,montage-chameleon-2mass-01d-001_aug1.json,MINMIN,0.0740781936301875,0.9988064765930176,0.1666666716337204
92,2,montage-chameleon-2mass-01d-001_aug1.json,MINMIN,0.0740781936301875,0.9988064765930176,0.1666666716337204
92,3,montage-chameleon-2mass-01d-001_aug1.json,MINMIN,0.1058795771853575,0.9988064765930176,0.1666666716337204
92,4,montage-chameleon-2mass-01d-001_aug1.json,MINMIN,0.1058795771853575,0.9988064765930176,0.1666666716337204
92,5,montage-chameleon-2mass-01d-001_aug1.json,MINMIN,0.0430856021204679,0.9988064765930176,0.1666666716337204
92,6,montage-chameleon-2mass-01d-001_aug1.json,MINMIN,0.0430856021204679,0.9988064765930176,0.1666666716337204
93,1,montage-chameleon-2mass-01d-001_aug1.json,MINMIN,0.0740781936301875,0.9988064765930176,0.1666666716337204
93,2,montage-chameleon-2mass-01d-001_aug1.json,MINMIN,0.0740781936301875,0.9988064765930176,0.1666666716337204
93,3,montage-chameleon-2mass-01d-001_aug1.json,MINMIN,0.1058795771853575,0.9988064765930176,0.1666666716337204
93,4,montage-chameleon-2mass-01d-001_aug1.json,MINMIN,0.1058795771853575,0.9988064765930176,0.1666666716337204
93,5,montage-chameleon-2mass-01d-001_aug1.json,MINMIN,0.0430856021204679,0.9988064765930176,0.1666666716337204
93,6,montage-chameleon-2mass-01d-001_aug1.json,MINMIN,0.0430856021204679,0.9988064765930176,0.1666666716337204
94,1,montage-chameleon-2mass-01d-001_aug1.json,MINMIN,0.0740781936301875,0.9988064765930176,0.1666666716337204
94,2,montage-chameleon-2mass-01d-001_aug1.json,MINMIN,0.0740781936301875,0.9988064765930176,0.1666666716337204
94,3,montage-chameleon-2mass-01d-001_aug1.json,MINMIN,0.1058795771853575,0.9988064765930176,0.1666666716337204
94,4,montage-chameleon-2mass-01d-001_aug1.json,MINMIN,0.1058795771853575,0.9988064765930176,0.1666666716337204
94,5,montage-chameleon-2mass-01d-001_aug1.json,MINMIN,0.0430856021204679,0.9988064765930176,0.1666666716337204
94,6,montage-chameleon-2mass-01d-001_aug1.json,MINMIN,0.0430856021204679,0.9988064765930176,0.1666666716337204
95,1,montage-chameleon-2mass-01d-001_aug1.json,MINMIN,0.0740781936301875,0.9988064765930176,0.1666666716337204
95,2,montage-chameleon-2mass-01d-001_aug1.json,MINMIN,0.0740781936301875,0.9988064765930176,0.1666666716337204
95,3,montage-chameleon-2mass-01d-001_aug1.json,MINMIN,0.1058795771853575,0.9988064765930176,0.1666666716337204
95,4,montage-chameleon-2mass-01d-001_aug1.json,MINMIN,0.1058795771853575,0.9988064765930176,0.1666666716337204
95,5,montage-chameleon-2mass-01d-001_aug1.json,MINMIN,0.0430856021204679,0.9988064765930176,0.1666666716337204
95,6,montage-chameleon-2mass-01d-001_aug1.json,MINMIN,0.0430856021204679,0.9988064765930176,0.1666666716337204
96,1,montage-chameleon-2mass-01d-001_aug1.json,MINMIN,0.0740781936301875,0.9988064765930176,0.1666666716337204
96,2,montage-chameleon-2mass-01d-001_aug1.json,MINMIN,0.0740781936301875,0.9988064765930176,0.1666666716337204
96,3,montage-chameleon-2mass-01d-001_aug1.json,MINMIN,0.1058795771853575,0.9988064765930176,0.1666666716337204
96,4,montage-chameleon-2mass-01d-001_aug1.json,MINMIN,0.1058795771853575,0.9988064765930176,0.1666666716337204
96,5,montage-chameleon-2mass-01d-001_aug1.json,MINMIN,0.0430856021204679,0.9988064765930176,0.1666666716337204
96,6,montage-chameleon-2mass-01d-001_aug1.json,MINMIN,0.0430856021204679,0.9988064765930176,0.1666666716337204
97,1,montage-chameleon-2mass-01d-001_aug1.json,MINMIN,0.0740781936301875,0.9988064765930176,0.1666666716337204
97,2,montage-chameleon-2mass-01d-001_aug1.json,MINMIN,0.0740781936301875,0.9988064765930176,0.1666666716337204
97,3,montage-chameleon-2mass-01d-001_aug1.json,MINMIN,0.1058795771853575,0.9988064765930176,0.1666666716337204
97,4,montage-chameleon-2mass-01d-001_aug1.json,MINMIN,0.1058795771853575,0.9988064765930176,0.1666666716337204
97,5,montage-chameleon-2mass-01d-001_aug1.json,MINMIN,0.0430856021204679,0.9988064765930176,0.1666666716337204
97,6,montage-chameleon-2mass-01d-001_aug1.json,MINMIN,0.0430856021204679,0.9988064765930176,0.1666666716337204
98,1,montage-chameleon-2mass-01d-001_aug1.json,MINMIN,0.0740781936301875,0.9988064765930176,0.1666666716337204
98,2,montage-chameleon-2mass-01d-001_aug1.json,MINMIN,0.0740781936301875,0.9988064765930176,0.1666666716337204
98,3,montage-chameleon-2mass-01d-001_aug1.json,MINMIN,0.1058795771853575,0.9988064765930176,0.1666666716337204
98,4,montage-chameleon-2mass-01d-001_aug1.json,MINMIN,0.1058795771853575,0.9988064765930176,0.1666666716337204
98,5,montage-chameleon-2mass-01d-001_aug1.json,MINMIN,0.0430856021204679,0.9988064765930176,0.1666666716337204
98,6,montage-chameleon-2mass-01d-001_aug1.json,MINMIN,0.0430856021204679,0.9988064765930176,0.1666666716337204
99,1,montage-chameleon-2mass-01d-001_aug1.json,MINMIN,0.0740781936301875,0.9988064765930176,0.1666666716337204
99,2,montage-chameleon-2mass-01d-001_aug1.json,MINMIN,0.0740781936301875,0.9988064765930176,0.1666666716337204
99,3,montage-chameleon-2mass-01d-001_aug1.json,MINMIN,0.1058795771853575,0.9988064765930176,0.1666666716337204
99,4,montage-chameleon-2mass-01d-001_aug1.json,MINMIN,0.1058795771853575,0.9988064765930176,0.1666666716337204
99,5,montage-chameleon-2mass-01d-001_aug1.json,MINMIN,0.0430856021204679,0.9988064765930176,0.1666666716337204
99,6,montage-chameleon-2mass-01d-001_aug1.json,MINMIN,0.0430856021204679,0.9988064765930176,0.1666666716337204
100,1,montage-chameleon-2mass-01d-001_aug1_rescaled.json,MINMIN,0.0430856021204679,0.9988069534301758,0.1666666716337204
100,2,montage-chameleon-2mass-01d-001_aug1_rescaled.json,MINMIN,0.0430856021204679,0.9988069534301758,0.1666666716337204
100,3,montage-chameleon-2mass-01d-001_aug1.json,MINMIN,0.0740781936301875,0.9988069534301758,0.1666666716337204
100,4,montage-chameleon-2mass-01d-001_aug1.json,MINMIN,0.0740781936301875,0.9988069534301758,0.1666666716337204
100,5,montage-chameleon-2mass-01d-001_aug1.json,MINMIN,0.0430856021204679,0.9988069534301758,0.1666666716337204
100,6,montage-chameleon-2mass-01d-001_aug1.json,MINMIN,0.0430856021204679,0.9988069534301758,0.1666666716337204
